Date;RNC ID;RNC Name;NodeB ID;NodeB Name;Cell ID;Cell Name;Integrity;3G_QF_DCR_Voice(%);% CSSR CS HW(%);% CSSR PS HW(%);3G_QF_DCR_PS(%);Voice SHO Success(#);3G_QF_PS_HHO_Success_Rate(%);3G_QF_IRAT_3G_to_2G_Voice_HO (excluding preparation)(%);QB_3G_TP (0.0 - 0.6 Km)(#);QB_3G_TP (0.6 - 1.1 Km)(#);QB_3G_TP (1.1 - 2.2 Km)(#);QB_3G_TP (2.2 - 3.6 Km)(#);QB_3G_TP (3.6 - 6.0 Km)(#);QB_3G_TP (>6 Km)(#);3G_QF_DL_Data_Traffic(kB);3G_QF_Initiated_Calls(#);3G_QF_IRAT_3G_to_2G_Voice_HO (excluding preparation)_Attempts(#);3G_QF_RAB_Drop_PS(#);3G_QF_RAB_Drop_Voice(#);3G_QF_RAB_PS_Release(#);3G_QF_RAB_Released(#);3G_QF_RSSI_UL(dBm);3G_QF_Speech (min)(s);3G_QF_Terminated_Voice_Calls_excluding_IRAT_HO(#);3G_QF_UL_Data_Traffic(kB);3G_QF_Calls ending in 2G(%);3G_QF_Cell_Availability_Daily(%);3G_QF_Cell_Availability_Hourly(%);3G_QF_CSSR_CS(%);3G_QF_CSSR_CS_Attempts(#);3G_QF_CSSR_CS_Control_Plane(%);3G_QF_CSSR_CS_Control_Plane_Attempts(#);3G_QF_CSSR_CS_Control_Plane_Success(#);3G_QF_CSSR_CS_User_Plane(%);3G_QF_CSSR_CS_User_Plane_Attempts(#);3G_QF_CSSR_CS_User_Plane_Success(#);3G_QF_CSSR_PS(%);3G_QF_CSSR_PS_Attempts(#);3G_QF_CSSR_PS_SP(%);3G_QF_CSSR_PS_SP_Attempts(#);3G_QF_CSSR_PS_SP_Success(#);3G_QF_CSSR_PS_UP(%);3G_QF_CSSR_PS_UP_Attempts(#);3G_QF_CSSR_PS_UP_Success(#);3G_QF_Intensidad_Paging(Times/s);3G_QF_Voice_HHO_Attempts(#);3G_QF_Voice_HHO_Success_Rate(%);3G_QF_Voice_SHO_Attempts(#);3G_QF_Voice_SHO_Success_Rate(%);3G_QF_Voice_Traffic(Erl);VS.TP.UE.0;VS.TP.UE.1;VS.TP.UE.2;VS.TP.UE.3;VS.TP.UE.4;VS.TP.UE.5;VS.TP.UE.6.9;VS.TP.UE.10.15;VS.TP.UE.16.25;VS.TP.UE.26.35;VS.TP.UE.36.55;VS.TP.UE.More55;3G_MeanDistance(#)
2025-06-02 00:00;2413;AND90R09;6906;CANX6906;17840;W6906B1;100.00%;/0;/0;98,33333;0,0;/0;/0;/0;46;0;0;0;0;0;520,31445;0;0;0;0;63;0;-105,917;0,0;0;212,70508;/0;100;100,0;/0;0;/0;0;0;/0;0,0;0;98,33333;97;98,33333;60;59;100,0;37;37;16696,0;0;/0;0;/0;0,0;46;0;0;0;0;0;0;0;0;0;0;0;234,0
2025-06-02 01:00;2413;AND90R09;6906;CANX6906;17840;W6906B1;100.00%;/0;/0;100,0;0,0;/0;/0;/0;18;0;0;0;0;0;92,19141;0;0;0;0;41;0;-106,1;0,0;0;29,99805;/0;100;100,0;/0;0;/0;0;0;/0;0,0;0;100,0;59;100,0;41;41;100,0;18;18;10968,0;0;/0;0;/0;0,0;18;0;0;0;0;0;0;0;0;0;0;0;234,0
2025-06-02 02:00;2413;AND90R09;6906;CANX6906;17840;W6906B1;100.00%;/0;/0;100,0;0,0;/0;/0;/0;18;0;0;0;0;0;92,03027;0;0;0;0;49;0;-106,1;0,0;0;29,64355;/0;100;100,0;/0;0;/0;0;0;/0;0,0;0;100,0;67;100,0;49;49;100,0;18;18;8472,0;0;/0;0;/0;0,0;18;0;0;0;0;0;0;0;0;0;0;0;234,0
2025-06-02 03:00;2413;AND90R09;6906;CANX6906;17840;W6906B1;100.00%;/0;/0;100,0;0,0;/0;/0;/0;22;0;0;0;0;0;119,18359;0;0;0;0;54;0;-106,1;0,0;0;40,9248;/0;100;100,0;/0;0;/0;0;0;/0;0,0;0;100,0;74;100,0;52;52;100,0;22;22;7518,0;0;/0;0;/0;0,0;22;0;0;0;0;0;0;0;0;0;0;0;234,0
2025-06-02 04:00;2413;AND90R09;6906;CANX6906;17840;W6906B1;100.00%;/0;/0;100,0;0,0;/0;/0;/0;24;0;0;0;0;0;136,63086;0;0;0;0;42;0;-106,1;0,0;0;40,94336;/0;100;100,0;/0;0;/0;0;0;/0;0,0;0;100,0;61;100,0;40;40;100,0;21;21;6996,0;0;/0;0;/0;0,0;23;1;0;0;0;0;0;0;0;0;0;0;243,75
2025-06-02 05:00;2413;AND90R09;6906;CANX6906;17840;W6906B1;100.00%;/0;/0;100,0;0,0;/0;/0;/0;28;0;0;0;0;0;188,80957;0;0;0;0;61;0;-106,088;0,0;0;72,13086;/0;100;100,0;/0;0;/0;0;0;/0;0,0;0;100,0;82;100,0;61;61;100,0;21;21;6600,0;0;/0;0;/0;0,0;28;0;0;0;0;0;0;0;0;0;0;0;234,0
2025-06-02 06:00;2413;AND90R09;6906;CANX6906;17840;W6906B1;100.00%;0,0;/0;100,0;0,0;/0;/0;/0;197;0;0;0;0;0;6135,45215;0;0;0;0;159;2;-105,9435;0,3;2;3469,01172;0,0;100;100,0;/0;2;/0;0;0;100,0;2,0;2;100,0;252;100,0;160;160;100,0;92;92;6890,0;0;/0;0;/0;0,005;184;13;0;0;0;0;0;0;0;0;0;0;249,44162
2025-06-02 07:00;2413;AND90R09;6906;CANX6906;17840;W6906B1;100.00%;0,0;100,0;100,0;0,0;/0;100,0;/0;153;0;0;0;0;0;18881,86035;1;0;0;0;134;4;-105,324;8,16;4;4113,95215;0,0;100;100,0;100,0;5;100,0;1;1;100,0;4,0;4;100,0;225;100,0;121;121;100,0;104;104;13610,0;0;/0;0;/0;0,136;133;20;0;0;0;0;0;0;0;0;0;0;264,58824
2025-06-02 08:00;2413;AND90R09;6906;CANX6906;17840;W6906B1;100.00%;0,0;/0;100,0;0,0;/0;/0;/0;204;0;0;0;0;0;4858,39551;0;0;0;0;204;9;-105,024;7,26;9;1469,79395;0,0;100;100,0;/0;10;/0;0;0;100,0;10,0;10;100,0;316;100,0;184;184;100,0;132;132;25744,0;0;/0;0;/0;0,121;199;5;0;0;0;0;0;0;0;0;0;0;239,73529
2025-06-02 09:00;2413;AND90R09;6906;CANX6906;17840;W6906B1;100.00%;0,0;100,0;99,2268;0,0;/0;100,0;/0;227;0;0;0;0;0;211119,20996;0;0;0;0;422;14;-105,063;21,78;14;15185,87305;0,0;100;100,0;100,0;15;100,0;1;1;100,0;14,0;14;99,2268;695;99,2268;388;385;100,0;307;307;43200,0;2;100,0;0;/0;0,363;215;12;0;0;0;0;0;0;0;0;0;0;246,37004
2025-06-02 10:00;2413;AND90R09;6906;CANX6906;17840;W6906B1;100.00%;0,0;/0;99,30394;0,21552;/0;100,0;/0;278;0;0;0;0;0;159922,35254;0;0;1;0;464;16;-104,7885;12,3;16;13218,0625;0,0;100;100,0;/0;15;/0;0;0;100,0;15,0;15;99,30394;765;99,30394;431;428;100,0;334;334;45244,0;0;/0;0;/0;0,205;272;6;0;0;0;0;0;0;0;0;0;0;239,05036
2025-06-02 11:00;2413;AND90R09;6906;CANX6906;17840;W6906B1;100.00%;0,0;100,0;99,44134;0,0;/0;100,0;/0;296;0;0;0;0;0;8673,11719;0;0;0;0;253;14;-104,7095;41,7;14;1231,19824;0,0;100;100,0;100,0;18;100,0;2;2;100,0;16,0;16;99,44134;421;99,44134;179;178;100,0;242;242;53476,0;1;100,0;0;/0;0,695;286;10;0;0;0;0;0;0;0;0;0;0;241,90541
2025-06-02 12:00;2413;AND90R09;6906;CANX6906;17840;W6906B1;100.00%;0,0;100,0;100,0;0,67114;/0;100,0;/0;423;0;0;0;0;0;28002,76855;0;0;2;0;298;24;-104,6918;26,64;24;8337,47852;0,0;100;100,0;100,0;26;100,0;2;2;100,0;24,0;24;100,0;554;100,0;244;244;100,0;310;310;52748,0;2;100,0;0;/0;0,444;397;26;0;0;0;0;0;0;0;0;0;0;248,38298
2025-06-02 13:00;2413;AND90R09;6906;CANX6906;17840;W6906B1;100.00%;0,0;100,0;98,96266;0,0;/0;100,0;/0;663;0;0;0;0;0;136617,63086;0;0;0;0;568;42;-103,8477;35,22;42;28896,54004;0,0;100;100,0;100,0;48;100,0;4;4;100,0;44,0;44;98,96266;1088;98,96266;482;477;100,0;606;606;55496,0;0;/0;0;/0;0,587;615;45;3;0;0;0;0;0;0;0;0;0;252,0
2025-06-02 14:00;2413;AND90R09;6906;CANX6906;17840;W6906B1;100.00%;0,0;100,0;98,99329;0,0;/0;80,0;/0;326;0;0;0;0;0;215566,14453;0;0;0;0;382;20;-104,2235;44,34;20;18309,0459;0,0;100;100,0;100,0;22;100,0;1;1;100,0;21,0;21;98,99329;681;98,99329;298;295;100,0;383;383;54398,0;3;100,0;0;/0;0,739;318;8;0;0;0;0;0;0;0;0;0;0;239,74233
2025-06-02 15:00;2413;AND90R09;6906;CANX6906;17840;W6906B1;100.00%;0,0;/0;98,0226;0,23866;/0;100,0;/0;255;0;0;0;0;0;129959,22656;0;0;1;0;419;31;-104,5052;34,2;31;40034,12598;0,0;100;100,0;/0;32;/0;0;0;100,0;32,0;32;98,0226;667;98,0226;354;347;100,0;313;313;50330,0;0;/0;0;/0;0,57;245;10;0;0;0;0;0;0;0;0;0;0;243,17647
2025-06-02 16:00;2413;AND90R09;6906;CANX6906;17840;W6906B1;100.00%;0,0;/0;99,41176;0,0;/0;100,0;/0;253;0;0;0;0;0;1041967,09766;0;0;0;0;248;14;-103,3908;38,34;14;92394,29883;0,0;100;100,0;/0;16;/0;0;0;100,0;16,0;16;99,41176;456;99,41176;170;169;100,0;286;286;42194,0;3;100,0;0;/0;0,639;238;15;0;0;0;0;0;0;0;0;0;0;247,87352
2025-06-02 17:00;2413;AND90R09;6906;CANX6906;17840;W6906B1;100.00%;0,0;/0;100,0;0,60976;/0;100,0;/0;221;0;0;0;0;0;180934,25781;0;0;1;0;164;16;-103,7732;7,92;16;34445,69336;0,0;100;100,0;/0;17;/0;0;0;100,0;17,0;17;100,0;293;100,0;108;108;100,0;185;185;39432,0;1;100,0;0;/0;0,132;208;13;0;0;0;0;0;0;0;0;0;0;247,76471
2025-06-02 18:00;2413;AND90R09;6906;CANX6906;17840;W6906B1;100.00%;0,0;/0;100,0;0,0;/0;/0;/0;278;0;0;0;0;0;103937,53906;0;0;0;0;399;39;-102,8848;81,54;39;28757,79102;0,0;100;100,0;/0;41;/0;0;0;100,0;41,0;41;100,0;573;100,0;239;239;100,0;334;334;37946,0;2;100,0;0;/0;1,359;272;6;0;0;0;0;0;0;0;0;0;0;239,05036
2025-06-02 19:00;2413;AND90R09;6906;CANX6906;17840;W6906B1;100.00%;0,0;100,0;99,35897;0,0;/0;100,0;/0;202;0;0;0;0;0;70692,98242;1;0;0;0;299;41;-103,0207;83,58;41;8275,13379;0,0;100;100,0;100,0;46;100,0;1;1;100,0;45,0;45;99,35897;434;99,35897;156;155;100,0;278;278;43480,0;5;100,0;0;/0;1,393;189;13;0;0;0;0;0;0;0;0;0;0;249,05941
2025-06-02 20:00;2413;AND90R09;6906;CANX6906;17840;W6906B1;100.00%;0,0;/0;99,375;0,0;/0;100,0;/0;188;0;0;0;0;0;101435,73535;0;0;0;0;216;22;-102,7525;41,58;22;19886,92578;0,0;100;100,0;/0;25;/0;0;0;100,0;25,0;25;99,375;351;99,375;160;159;100,0;191;191;41282,0;5;100,0;0;/0;0,693;179;9;0;0;0;0;0;0;0;0;0;0;245,20213
2025-06-02 21:00;2413;AND90R09;6906;CANX6906;17840;W6906B1;100.00%;0,0;/0;98,12207;0,0;/0;100,0;/0;140;0;0;0;0;0;163476,39648;0;0;0;0;271;25;-103,6553;31,2;25;9459,76953;0,0;100;100,0;/0;26;/0;0;0;100,0;26,0;26;98,12207;437;98,12207;213;209;100,0;224;224;36130,0;1;100,0;0;/0;0,52;136;4;0;0;0;0;0;0;0;0;0;0;240,68571
2025-06-02 22:00;2413;AND90R09;6906;CANX6906;17840;W6906B1;100.00%;0,0;/0;100,0;0,0;/0;/0;/0;65;0;0;0;0;0;130021,08789;0;0;0;0;176;3;-104,5753;3,36;3;7148,55371;0,0;100;100,0;/0;3;/0;0;0;100,0;3,0;3;100,0;277;100,0;167;167;100,0;110;110;27272,0;0;/0;0;/0;0,056;64;1;0;0;0;0;0;0;0;0;0;0;237,6
2025-06-02 23:00;2413;AND90R09;6906;CANX6906;17840;W6906B1;100.00%;0,0;/0;99,5098;0,0;/0;100,0;/0;103;0;0;0;0;0;65568,25098;0;0;0;0;230;12;-104,9402;11,76;12;41752,45996;0,0;100;100,0;/0;14;/0;0;0;100,0;14,0;14;99,5098;370;99,5098;204;203;100,0;166;166;21006,0;2;100,0;0;/0;0,196;101;2;0;0;0;0;0;0;0;0;0;0;238,54369
2025-06-03 00:00;2413;AND90R09;6906;CANX6906;17840;W6906B1;100.00%;0,0;/0;100,0;0,0;/0;/0;/0;33;0;0;0;0;0;700,15625;0;0;0;0;63;1;-105,374;0,6;1;138,45215;0,0;100;100,0;/0;1;/0;0;0;100,0;1,0;1;100,0;96;100,0;59;59;100,0;37;37;16642,0;0;/0;0;/0;0,01;32;1;0;0;0;0;0;0;0;0;0;0;241,09091
2025-06-03 01:00;2413;AND90R09;6906;CANX6906;17840;W6906B1;100.00%;/0;/0;100,0;0,0;/0;/0;/0;16;0;0;0;0;0;110,93359;0;0;0;0;40;0;-106,1;0,0;0;33,3418;/0;100;100,0;/0;0;/0;0;0;/0;0,0;0;100,0;59;100,0;40;40;100,0;19;19;12610,0;0;/0;0;/0;0,0;16;0;0;0;0;0;0;0;0;0;0;0;234,0
2025-06-03 02:00;2413;AND90R09;6906;CANX6906;17840;W6906B1;100.00%;/0;/0;100,0;0,0;/0;/0;/0;13;0;0;0;0;0;92,49219;0;0;0;0;33;0;-106,1;0,0;0;28,99023;/0;100;100,0;/0;0;/0;0;0;/0;0,0;0;100,0;52;100,0;34;34;100,0;18;18;9084,0;0;/0;0;/0;0,0;13;0;0;0;0;0;0;0;0;0;0;0;234,0
2025-06-03 03:00;2413;AND90R09;6906;CANX6906;17840;W6906B1;100.00%;/0;/0;100,0;0,0;/0;/0;/0;17;0;0;0;0;0;85,43652;0;0;0;0;44;0;-106,1;0,0;0;30,75;/0;100;100,0;/0;0;/0;0;0;/0;0,0;0;100,0;62;100,0;43;43;100,0;19;19;8478,0;0;/0;0;/0;0,0;17;0;0;0;0;0;0;0;0;0;0;0;234,0
2025-06-03 04:00;2413;AND90R09;6906;CANX6906;17840;W6906B1;100.00%;/0;/0;100,0;0,0;/0;/0;/0;21;0;0;0;0;0;158,77148;0;0;0;0;47;0;-106,1;0,0;0;52,37988;/0;100;100,0;/0;0;/0;0;0;/0;0,0;0;100,0;64;100,0;43;43;100,0;21;21;6842,0;0;/0;0;/0;0,0;21;0;0;0;0;0;0;0;0;0;0;0;234,0
2025-06-03 05:00;2413;AND90R09;6906;CANX6906;17840;W6906B1;100.00%;/0;/0;100,0;0,0;/0;/0;/0;58;0;0;0;0;0;209,08984;0;0;0;0;66;0;-106,1;0,0;0;108,94238;/0;100;100,0;/0;0;/0;0;0;/0;0,0;0;100,0;100;100,0;67;67;100,0;33;33;7048,0;0;/0;0;/0;0,0;58;0;0;0;0;0;0;0;0;0;0;0;234,0
2025-06-03 06:00;2413;AND90R09;6906;CANX6906;17840;W6906B1;100.00%;/0;/0;100,0;0,0;/0;/0;/0;156;0;0;0;0;0;262,74512;0;0;0;0;107;0;-105,9462;0,0;0;126,69141;/0;100;100,0;/0;0;/0;0;0;/0;0,0;0;100,0;162;100,0;112;112;100,0;50;50;7982,0;0;/0;0;/0;0,0;152;4;0;0;0;0;0;0;0;0;0;0;240,0
2025-06-03 07:00;2413;AND90R09;6906;CANX6906;17840;W6906B1;100.00%;0,0;/0;100,0;0,0;/0;/0;/0;159;0;0;0;0;0;15486,16797;0;0;0;0;223;2;-105,341;3,12;2;3620,66504;0,0;100;100,0;/0;2;/0;0;0;100,0;2,0;2;100,0;328;100,0;220;220;100,0;108;108;12752,0;0;/0;0;/0;0,052;143;16;0;0;0;0;0;0;0;0;0;0;257,54717
2025-06-03 08:00;2413;AND90R09;6906;CANX6906;17840;W6906B1;100.00%;0,0;/0;100,0;0,0;/0;100,0;/0;246;0;0;0;0;0;18050,59277;0;0;0;0;200;18;-104,3588;12,48;18;1636,91699;0,0;100;100,0;/0;20;/0;0;0;100,0;20,0;20;100,0;335;100,0;182;182;100,0;153;153;26170,0;1;100,0;0;/0;0,208;235;11;0;0;0;0;0;0;0;0;0;0;244,46341
2025-06-03 09:00;2413;AND90R09;6906;CANX6906;17840;W6906B1;100.00%;0,0;100,0;99,50495;0,0;/0;100,0;/0;253;0;0;0;0;0;24000,57324;0;0;0;0;259;25;-103,3523;43,32;25;5127,09766;0,0;100;100,0;100,0;29;100,0;1;1;100,0;28,0;28;99,50495;436;99,50495;202;201;100,0;234;234;37570,0;3;100,0;0;/0;0,722;234;19;0;0;0;0;0;0;0;0;0;0;251,57312
2025-06-03 10:00;2413;AND90R09;6906;CANX6906;17840;W6906B1;100.00%;0,0;/0;99,2598;0,0;/0;100,0;/0;268;0;0;0;0;0;190763,06445;0;0;0;0;327;22;-104,1048;18,9;22;9920,41211;0,0;100;100,0;/0;20;/0;0;0;100,0;20,0;20;99,2598;544;99,6633;297;296;99,59514;247;246;46622,0;0;/0;0;/0;0,315;263;5;0;0;0;0;0;0;0;0;0;0;238,36567
2025-06-03 11:00;2413;AND90R09;6906;CANX6906;17840;W6906B1;100.00%;0,0;/0;99,06542;0,0;/0;100,0;/0;186;0;0;0;0;0;90355,31152;0;0;0;0;285;13;-103,9148;41,82;13;19732,2041;0,0;100;100,0;/0;12;/0;0;0;100,0;12,0;12;99,06542;474;99,06542;214;212;100,0;260;260;53072,0;0;/0;0;/0;0,697;181;5;0;0;0;0;0;0;0;0;0;0;240,29032
2025-06-03 12:00;2413;AND90R09;6906;CANX6906;17840;W6906B1;100.00%;0,0;100,0;99,45355;0,45872;/0;/0;/0;223;0;0;0;0;0;80764,19922;0;0;1;0;218;10;-102,9913;5,52;10;15020,11719;0,0;100;100,0;100,0;12;100,0;1;1;100,0;11,0;11;99,45355;437;99,45355;183;182;100,0;254;254;53548,0;0;/0;0;/0;0,092;220;3;0;0;0;0;0;0;0;0;0;0;237,14798
2025-06-03 13:00;2413;AND90R09;6906;CANX6906;17840;W6906B1;100.00%;0,0;100,0;99,36575;0,0;/0;100,0;/0;332;0;0;0;0;0;54707,56543;0;0;0;0;522;29;-104,0013;34,32;29;15112,93457;0,0;100;100,0;100,0;30;100,0;1;1;100,0;29,0;29;99,36575;815;99,36575;473;470;100,0;342;342;55956,0;0;/0;0;/0;0,572;310;22;0;0;0;0;0;0;0;0;0;0;249,50602
2025-06-03 14:00;2413;AND90R09;6906;CANX6906;17840;W6906B1;100.00%;1,78571;/0;98,50107;0,34188;/0;100,0;/0;380;0;0;0;0;0;89971,31641;0;0;2;1;585;56;-103,1445;75,72;56;41656,44043;0,0;100;100,0;/0;57;/0;0;0;100,0;57,0;57;98,50107;859;98,50107;467;460;100,0;392;392;52956,0;2;100,0;0;/0;1,262;361;19;0;0;0;0;0;0;0;0;0;0;245,7
2025-06-03 15:00;2413;AND90R09;6906;CANX6906;17840;W6906B1;100.00%;0,0;/0;98,63014;0,0;/0;100,0;/0;230;0;0;0;0;0;43246,88379;0;0;0;0;219;32;-102,279;44,88;32;1487,66699;0,0;100;100,0;/0;33;/0;0;0;100,0;33,0;33;98,63014;342;98,63014;146;144;100,0;196;196;48070,0;3;100,0;0;/0;0,748;224;6;0;0;0;0;0;0;0;0;0;0;240,10435
2025-06-03 16:00;2413;AND90R09;6906;CANX6906;17840;W6906B1;100.00%;0,0;100,0;97,86519;0,0;/0;60,0;/0;225;0;0;0;0;0;45756,84668;0;0;0;0;194;24;-103,2073;38,76;24;2986,87891;0,0;100;100,0;100,0;27;100,0;1;1;100,0;26,0;26;97,86519;300;98,4375;128;126;99,4186;172;171;41232,0;1;100,0;0;/0;0,646;218;7;0;0;0;0;0;0;0;0;0;0;241,28
2025-06-03 17:00;2413;AND90R09;6906;CANX6906;17840;W6906B1;100.00%;3,125;/0;99,43503;0,0;/0;100,0;/0;193;0;0;0;0;0;245369,12109;0;0;0;1;269;32;-103,8135;66,54;32;15322,91016;0,0;100;100,0;/0;31;/0;0;0;100,0;31,0;31;99,43503;423;99,43503;177;176;100,0;246;246;41124,0;0;/0;0;/0;1,109;188;5;0;0;0;0;0;0;0;0;0;0;240,06218
2025-06-03 18:00;2413;AND90R09;6906;CANX6906;17840;W6906B1;100.00%;0,0;/0;99,25373;0,0;/0;100,0;/0;182;0;0;0;0;0;10820,82324;0;0;0;0;179;18;-102,925;37,26;18;3527,3252;0,0;100;100,0;/0;18;/0;0;0;100,0;18,0;18;99,25373;275;100,0;141;141;99,25373;134;133;40294,0;1;100,0;0;/0;0,621;176;6;0;0;0;0;0;0;0;0;0;0;241,71429
2025-06-03 19:00;2413;AND90R09;6906;CANX6906;17840;W6906B1;100.00%;0,0;100,0;100,0;0,0;/0;100,0;/0;171;0;0;0;0;0;33809,56543;0;0;0;0;222;19;-103,2563;37,32;19;5290,14063;0,0;100;100,0;100,0;17;100,0;1;1;100,0;16,0;16;100,0;326;100,0;170;170;100,0;156;156;40714,0;1;100,0;0;/0;0,622;170;1;0;0;0;0;0;0;0;0;0;0;235,36842
2025-06-03 20:00;2413;AND90R09;6906;CANX6906;17840;W6906B1;100.00%;0,0;/0;98,96194;0,0;/0;100,0;/0;185;0;0;0;0;0;80805,68164;0;0;0;0;337;17;-103,1505;33,36;17;4387,96484;0,0;100;100,0;/0;16;/0;0;0;100,0;16,0;16;98,96194;500;98,96194;289;286;100,0;211;211;39106,0;2;100,0;0;/0;0,556;181;4;0;0;0;0;0;0;0;0;0;0;239,05946
2025-06-03 21:00;2413;AND90R09;6906;CANX6906;17840;W6906B1;100.00%;0,0;/0;100,0;0,0;/0;100,0;/0;75;0;0;0;0;0;12662,64355;0;0;0;0;82;13;-104,765;12,0;13;1155,62598;0,0;100;100,0;/0;14;/0;0;0;100,0;14,0;14;100,0;115;100,0;53;53;100,0;62;62;36106,0;1;100,0;0;/0;0,2;71;4;0;0;0;0;0;0;0;0;0;0;246,48
2025-06-03 22:00;2413;AND90R09;6906;CANX6906;17840;W6906B1;100.00%;0,0;/0;100,0;0,0;/0;/0;/0;54;0;0;0;0;0;1025,68555;0;0;0;0;62;5;-104,7075;7,32;5;439,65332;0,0;100;100,0;/0;4;/0;0;0;100,0;4,0;4;100,0;90;100,0;53;53;100,0;37;37;28078,0;0;/0;0;/0;0,122;53;1;0;0;0;0;0;0;0;0;0;0;238,33333
2025-06-03 23:00;2413;AND90R09;6906;CANX6906;17840;W6906B1;100.00%;0,0;/0;100,0;0,0;/0;100,0;/0;42;0;0;0;0;0;731,46289;0;0;0;0;60;4;-104,9678;8,94;4;214,68066;0,0;100;100,0;/0;5;/0;0;0;100,0;5,0;5;100,0;83;100,0;45;45;100,0;38;38;19024,0;0;/0;0;/0;0,149;41;1;0;0;0;0;0;0;0;0;0;0;239,57143
2025-06-04 00:00;2413;AND90R09;6906;CANX6906;17840;W6906B1;100.00%;0,0;/0;100,0;0,0;/0;/0;/0;31;0;0;0;0;0;415,24316;0;0;0;0;47;3;-105,3678;1,2;3;40,33789;0,0;100;100,0;/0;2;/0;0;0;100,0;2,0;2;100,0;66;100,0;44;44;100,0;22;22;15686,0;0;/0;0;/0;0,02;29;2;0;0;0;0;0;0;0;0;0;0;249,09677
2025-06-04 01:00;2413;AND90R09;6906;CANX6906;17840;W6906B1;100.00%;/0;/0;100,0;0,0;/0;/0;/0;27;0;0;0;0;0;138,2334;0;0;0;0;45;0;-105,7;0,0;0;46,74121;/0;100;100,0;/0;0;/0;0;0;/0;0,0;0;100,0;70;100,0;47;47;100,0;23;23;12614,0;0;/0;0;/0;0,0;27;0;0;0;0;0;0;0;0;0;0;0;234,0
2025-06-04 02:00;2413;AND90R09;6906;CANX6906;17840;W6906B1;100.00%;/0;/0;100,0;0,0;/0;/0;/0;22;0;0;0;0;0;114,125;0;0;0;0;45;0;-105,9685;0,0;0;48,24414;/0;100;100,0;/0;0;/0;0;0;/0;0,0;0;100,0;63;100,0;44;44;100,0;19;19;8898,0;0;/0;0;/0;0,0;22;0;0;0;0;0;0;0;0;0;0;0;234,0
2025-06-04 03:00;2413;AND90R09;6906;CANX6906;17840;W6906B1;100.00%;/0;/0;100,0;0,0;/0;/0;/0;28;0;0;0;0;0;134,16309;0;0;0;0;46;0;-106,3;0,0;0;47,12793;/0;100;100,0;/0;0;/0;0;0;/0;0,0;0;100,0;68;100,0;46;46;100,0;22;22;9416,0;0;/0;0;/0;0,0;28;0;0;0;0;0;0;0;0;0;0;0;234,0
2025-06-04 04:00;2413;AND90R09;6906;CANX6906;17840;W6906B1;100.00%;/0;/0;100,0;0,0;/0;/0;/0;57;0;0;0;0;0;176,96777;0;0;0;0;57;0;-106,3;0,0;0;106,99414;/0;100;100,0;/0;0;/0;0;0;/0;0,0;0;100,0;88;100,0;59;59;100,0;29;29;7912,0;0;/0;0;/0;0,0;57;0;0;0;0;0;0;0;0;0;0;0;234,0
2025-06-04 05:00;2413;AND90R09;6906;CANX6906;17840;W6906B1;100.00%;0,0;/0;100,0;0,0;/0;/0;/0;51;0;0;0;0;0;1197,78418;0;0;0;0;131;1;-106,3;0,78;1;517,94043;0,0;100;100,0;/0;1;/0;0;0;100,0;1,0;1;100,0;187;100,0;129;129;100,0;58;58;8106,0;0;/0;0;/0;0,013;45;4;2;0;0;0;0;0;0;0;0;0;270,70588
2025-06-04 06:00;2413;AND90R09;6906;CANX6906;17840;W6906B1;100.00%;0,0;/0;100,0;0,0;/0;100,0;/0;109;0;0;0;0;0;4591,45508;0;0;0;0;212;2;-105,853;2,4;2;976,25586;0,0;100;100,0;/0;2;/0;0;0;100,0;2,0;2;100,0;314;100,0;211;211;100,0;103;103;8944,0;0;/0;0;/0;0,04;105;4;0;0;0;0;0;0;0;0;0;0;242,58716
2025-06-04 07:00;2413;AND90R09;6906;CANX6906;17840;W6906B1;100.00%;0,0;/0;99,5935;0,0;/0;/0;/0;141;0;0;0;0;0;11440,30566;0;0;0;0;262;2;-101,6925;1,26;2;1499,14258;0,0;100;100,0;/0;2;/0;0;0;100,0;2,0;2;99,5935;389;99,5935;246;245;100,0;143;143;14336,0;0;/0;0;/0;0,021;139;2;0;0;0;0;0;0;0;0;0;0;237,31915
2025-06-04 08:00;2413;AND90R09;6906;CANX6906;17840;W6906B1;100.00%;0,0;100,0;99,48615;0,41841;/0;100,0;/0;284;0;0;0;0;0;171192,52344;1;0;2;0;478;9;-104,5938;8,34;9;16502,88574;0,0;100;100,0;100,0;14;100,0;2;2;100,0;12,0;12;99,48615;798;99,78402;463;462;99,70149;335;334;27496,0;2;100,0;0;/0;0,139;268;16;0;0;0;0;0;0;0;0;0;0;247,1831
2025-06-04 09:00;2413;AND90R09;6906;CANX6906;17840;W6906B1;100.00%;0,0;/0;99,66777;0,2924;/0;100,0;/0;232;0;0;0;0;0;85981,2207;0;0;1;0;342;33;-102,7858;26,64;33;9416,12109;0,0;100;100,0;/0;35;/0;0;0;100,0;35,0;35;99,66777;557;99,66777;301;300;100,0;256;256;43308,0;2;100,0;0;/0;0,444;214;18;0;0;0;0;0;0;0;0;0;0;252,15517
2025-06-04 10:00;2413;AND90R09;6906;CANX6906;17840;W6906B1;100.00%;0,0;66,66667;99,01478;0,0;/0;100,0;/0;332;0;0;0;0;0;409256,53223;1;0;0;0;520;46;-103,5285;63,12;46;15896,15625;0,0;100;100,0;66,66667;52;66,66667;3;2;100,0;49,0;49;99,01478;833;99,01478;406;402;100,0;427;427;53296,0;5;100,0;0;/0;1,052;322;10;0;0;0;0;0;0;0;0;0;0;241,04819
2025-06-04 11:00;2413;AND90R09;6906;CANX6906;17840;W6906B1;100.00%;0,0;/0;99,46524;0,43103;/0;100,0;/0;201;0;0;0;0;0;8101,12109;0;0;1;0;232;22;-104,0838;27,3;22;1878,31055;0,0;100;100,0;/0;21;/0;0;0;100,0;21,0;21;99,46524;377;99,46524;187;186;100,0;190;190;55776,0;0;/0;0;/0;0,455;198;3;0;0;0;0;0;0;0;0;0;0;237,49254
2025-06-04 12:00;2413;AND90R09;6906;CANX6906;17840;W6906B1;100.00%;0,0;/0;100,0;0,0;/0;100,0;/0;144;0;0;0;0;0;5000,72656;0;0;0;0;217;12;-104,3022;30,72;12;1080,71191;0,0;100;100,0;/0;14;/0;0;0;100,0;14,0;14;100,0;332;100,0;159;159;100,0;173;173;58068,0;2;100,0;0;/0;0,512;144;0;0;0;0;0;0;0;0;0;0;0;234,0
2025-06-04 13:00;2413;AND90R09;6906;CANX6906;17840;W6906B1;100.00%;0,0;/0;100,0;0,0;/0;75,0;/0;305;0;0;0;0;0;15841,71094;0;0;0;0;348;12;-104,753;19,98;12;3721,5791;0,0;100;100,0;/0;13;/0;0;0;100,0;13,0;13;100,0;586;100,0;318;318;100,0;268;268;56498,0;2;100,0;0;/0;0,333;288;17;0;0;0;0;0;0;0;0;0;0;247,04262
2025-06-04 14:00;2413;AND90R09;6906;CANX6906;17840;W6906B1;100.00%;0,0;100,0;98,77451;0,0;/0;100,0;/0;272;0;0;0;0;0;127819,89551;0;0;0;0;462;24;-103,8265;41,16;24;10964,44043;0,0;100;100,0;100,0;32;100,0;3;3;100,0;29,0;29;98,77451;738;98,77451;408;403;100,0;330;330;53896,0;4;100,0;0;/0;0,686;264;8;0;0;0;0;0;0;0;0;0;0;240,88235
2025-06-04 15:00;2413;AND90R09;6906;CANX6906;17840;W6906B1;100.00%;0,0;/0;98,49624;0,0;/0;100,0;/0;213;0;0;0;0;0;39325,03809;0;0;0;0;336;30;-102,285;57,9;30;6623,31641;0,0;100;100,0;/0;31;/0;0;0;100,0;31,0;31;98,49624;494;98,49624;266;262;100,0;228;228;50712,0;3;100,0;0;/0;0,965;200;13;0;0;0;0;0;0;0;0;0;0;248,28169
2025-06-04 16:00;2413;AND90R09;6906;CANX6906;17840;W6906B1;100.00%;0,0;100,0;98,91892;0,43478;/0;75,0;/0;211;0;0;0;0;0;8602,70508;0;0;1;0;230;25;-102,5595;30,0;25;1698,92969;0,0;100;100,0;100,0;32;100,0;3;3;100,0;29,0;29;98,91892;348;98,91892;185;183;100,0;163;163;47120,0;4;75,0;0;/0;0,5;201;10;0;0;0;0;0;0;0;0;0;0;245,09005
2025-06-04 17:00;2413;AND90R09;6906;CANX6906;17840;W6906B1;100.00%;0,0;100,0;98,7687;0,2849;/0;/0;/0;189;0;0;0;0;0;119921,62012;0;0;1;0;351;28;-103,083;52,56;28;6723,18359;0,0;100;100,0;100,0;29;100,0;2;2;100,0;27,0;27;98,7687;480;99,2;250;248;99,56522;230;229;43714,0;0;/0;0;/0;0,876;179;10;0;0;0;0;0;0;0;0;0;0;246,38095
2025-06-04 18:00;2413;AND90R09;6906;CANX6906;17840;W6906B1;100.00%;0,0;100,0;99,4898;0,0;/0;100,0;/0;225;0;0;0;0;0;159703,05176;1;0;0;0;239;27;-104,271;23,52;27;10071,31836;0,0;100;100,0;100,0;29;100,0;1;1;100,0;28,0;28;99,4898;377;99,4898;196;195;100,0;181;181;43576,0;1;100,0;0;/0;0,392;218;7;0;0;0;0;0;0;0;0;0;0;241,28
2025-06-04 19:00;2413;AND90R09;6906;CANX6906;17840;W6906B1;100.00%;0,0;/0;99,2;2,29508;/0;/0;/0;191;0;0;0;0;0;3436,1084;0;0;7;0;305;12;-104,0288;36,66;12;1099,46387;0,0;100;100,0;/0;12;/0;0;0;100,0;12,0;12;99,2;432;99,2;250;248;100,0;182;182;43176,0;0;/0;0;/0;0,611;186;5;0;0;0;0;0;0;0;0;0;0;240,12565
2025-06-04 20:00;2413;AND90R09;6906;CANX6906;17840;W6906B1;100.00%;0,0;100,0;96,86905;1,06952;/0;100,0;/0;169;0;0;0;0;0;2590,12012;0;0;2;0;187;5;-104,1338;10,86;5;786,60059;0,0;100;100,0;100,0;8;100,0;1;1;100,0;7,0;7;96,86905;305;97,56098;164;160;99,29078;141;140;39900,0;1;100,0;0;/0;0,181;167;2;0;0;0;0;0;0;0;0;0;0;236,76923
2025-06-04 21:00;2413;AND90R09;6906;CANX6906;17840;W6906B1;100.00%;0,0;/0;98,71795;1,76471;/0;83,33333;/0;186;0;0;0;0;0;38522,44043;0;0;3;0;170;9;-105,0668;7,2;9;3062,95605;0,0;100;100,0;/0;9;/0;0;0;100,0;9,0;9;98,71795;300;98,71795;156;154;100,0;144;144;34994,0;1;100,0;0;/0;0,12;182;4;0;0;0;0;0;0;0;0;0;0;239,03226
2025-06-04 22:00;2413;AND90R09;6906;CANX6906;17840;W6906B1;100.00%;0,0;/0;99,19355;0,0;/0;100,0;/0;87;0;0;0;0;0;177832,90039;0;0;0;0;122;1;-105,6782;2,16;1;10727,34863;0,0;100;100,0;/0;0;/0;0;0;/0;0,0;0;99,19355;204;99,19355;124;123;100,0;80;80;27544,0;0;/0;0;/0;0,036;85;2;0;0;0;0;0;0;0;0;0;0;239,37931
2025-06-04 23:00;2413;AND90R09;6906;CANX6906;17840;W6906B1;100.00%;0,0;/0;100,0;0,0;/0;100,0;/0;111;0;0;0;0;0;49337,88477;0;0;0;0;146;7;-104,6318;8,28;7;5142,67383;0,0;100;100,0;/0;8;/0;0;0;100,0;8,0;8;100,0;227;100,0;119;119;100,0;108;108;20188,0;1;100,0;0;/0;0,138;110;1;0;0;0;0;0;0;0;0;0;0;236,10811
2025-06-05 00:00;2413;AND90R09;6906;CANX6906;17840;W6906B1;100.00%;0,0;/0;100,0;0,0;/0;0,0;/0;56;0;0;0;0;0;609,7666;0;0;0;0;93;6;-105,996;3,18;6;396,50488;0,0;100;100,0;/0;5;/0;0;0;100,0;5,0;5;100,0;132;100,0;84;84;100,0;48;48;16118,0;0;/0;0;/0;0,053;55;1;0;0;0;0;0;0;0;0;0;0;238,17857
2025-06-05 01:00;2413;AND90R09;6906;CANX6906;17840;W6906B1;100.00%;/0;/0;100,0;0,0;/0;/0;/0;191;0;0;0;0;0;2693,42773;0;0;0;0;138;0;-106,0742;0,0;0;446,08789;/0;100;90,69444;/0;0;/0;0;0;/0;0,0;0;100,0;248;100,0;168;168;100,0;80;80;13368,0;0;/0;0;/0;0,0;189;2;0;0;0;0;0;0;0;0;0;0;236,45026
2025-06-05 02:00;2413;AND90R09;6906;CANX6906;17840;W6906B1;100.00%;/0;/0;100,0;0,0;/0;/0;/0;31;0;0;0;0;0;114,12988;0;0;0;0;17;0;-106,0975;0,0;0;41,62109;/0;100;100,0;/0;0;/0;0;0;/0;0,0;0;100,0;31;100,0;15;15;100,0;16;16;9584,0;0;/0;0;/0;0,0;31;0;0;0;0;0;0;0;0;0;0;0;234,0
2025-06-05 03:00;2413;AND90R09;6906;CANX6906;17840;W6906B1;100.00%;/0;/0;100,0;0,0;/0;/0;/0;34;0;0;0;0;0;105,70313;0;0;0;0;19;0;-106,1;0,0;0;43,49902;/0;100;100,0;/0;0;/0;0;0;/0;0,0;0;100,0;38;100,0;18;18;100,0;20;20;7818,0;0;/0;0;/0;0,0;34;0;0;0;0;0;0;0;0;0;0;0;234,0
2025-06-05 04:00;2413;AND90R09;6906;CANX6906;17840;W6906B1;100.00%;/0;/0;100,0;5,55556;/0;/0;/0;38;0;0;0;0;0;173,22949;0;0;2;0;36;0;-106,1;0,0;0;62,0752;/0;100;100,0;/0;0;/0;0;0;/0;0,0;0;100,0;53;100,0;33;33;100,0;20;20;8132,0;0;/0;0;/0;0,0;38;0;0;0;0;0;0;0;0;0;0;0;234,0
2025-06-05 05:00;2413;AND90R09;6906;CANX6906;17840;W6906B1;100.00%;/0;/0;100,0;0,0;/0;/0;/0;57;0;0;0;0;0;264,30957;0;0;0;0;84;0;-106,1;0,0;0;151,56543;/0;100;100,0;/0;0;/0;0;0;/0;0,0;0;100,0;127;100,0;84;84;100,0;43;43;7298,0;0;/0;0;/0;0,0;57;0;0;0;0;0;0;0;0;0;0;0;234,0
2025-06-05 06:00;2413;AND90R09;6906;CANX6906;17840;W6906B1;100.00%;0,0;/0;99,35897;0,0;/0;/0;/0;96;0;0;0;0;0;2733,03516;0;0;0;0;159;1;-105,992;0,06;1;6073,98926;0,0;100;100,0;/0;2;/0;0;0;100,0;2,0;2;99,35897;235;99,35897;156;155;100,0;79;79;8902,0;0;/0;0;/0;0,001;95;1;0;0;0;0;0;0;0;0;0;0;236,4375
2025-06-05 07:00;2413;AND90R09;6906;CANX6906;17840;W6906B1;100.00%;0,0;/0;99,51456;0,0;/0;100,0;/0;126;0;0;0;0;0;2769,54102;0;0;0;0;231;10;-105,0613;27,0;10;12734,1875;0,0;100;100,0;/0;9;/0;0;0;100,0;9,0;9;99,51456;324;99,51456;206;205;100,0;118;118;17396,0;1;100,0;0;/0;0,45;122;4;0;0;0;0;0;0;0;0;0;0;241,42857
2025-06-05 08:00;2413;AND90R09;6906;CANX6906;17840;W6906B1;100.00%;0,0;/0;100,0;0,0;/0;100,0;/0;229;0;0;0;0;0;10469,31738;0;0;0;0;170;5;-103,7647;1,56;5;2539,84766;0,0;100;100,0;/0;5;/0;0;0;100,0;5,0;5;100,0;266;100,0;165;165;100,0;101;101;29074,0;0;/0;0;/0;0,026;220;9;0;0;0;0;0;0;0;0;0;0;243,19651
2025-06-05 09:00;2413;AND90R09;6906;CANX6906;17840;W6906B1;100.00%;0,0;/0;100,0;0,0;/0;/0;/0;205;0;0;0;0;0;16475,4541;0;0;0;0;252;25;-103,6663;38,76;25;1981,3125;0,0;100;100,0;/0;27;/0;0;0;100,0;27,0;27;100,0;345;100,0;175;175;100,0;170;170;38290,0;0;/0;0;/0;0,646;204;1;0;0;0;0;0;0;0;0;0;0;235,14146
2025-06-05 10:00;2413;AND90R09;6906;CANX6906;17840;W6906B1;100.00%;0,0;/0;100,0;0,0;/0;100,0;/0;241;1;0;0;0;0;336321,28613;0;0;0;0;311;29;-104,1445;59,7;29;22289,93848;0,0;100;100,0;/0;27;/0;0;0;100,0;27,0;27;100,0;466;100,0;229;229;100,0;237;237;45032,0;1;100,0;0;/0;0,995;235;5;1;1;0;0;0;0;0;0;0;0;243,66942
2025-06-05 11:00;2413;AND90R09;6906;CANX6906;17840;W6906B1;100.00%;0,0;/0;100,0;0,44053;/0;75,0;/0;160;0;0;0;0;0;21130,28125;0;0;1;0;227;16;-104,3853;23,64;16;2896,25879;0,0;100;100,0;/0;18;/0;0;0;100,0;18,0;18;100,0;329;100,0;194;194;100,0;135;135;53268,0;1;100,0;0;/0;0,394;160;0;0;0;0;0;0;0;0;0;0;0;234,0
2025-06-05 12:00;2413;AND90R09;6906;CANX6906;17840;W6906B1;100.00%;0,0;100,0;99,07407;0,0;/0;100,0;/0;97;0;0;0;0;0;10149,25293;0;0;0;0;113;3;-104,714;7,5;3;1183,99512;0,0;100;100,0;100,0;4;100,0;1;1;100,0;3,0;3;99,07407;171;99,07407;108;107;100,0;63;63;55784,0;1;100,0;0;/0;0,125;94;3;0;0;0;0;0;0;0;0;0;0;241,23711
2025-06-05 13:00;2413;AND90R09;6906;CANX6906;17840;W6906B1;100.00%;0,0;100,0;98,89503;0,0;/0;100,0;/0;179;0;0;0;0;0;778768,93359;0;0;0;0;245;14;-104,1253;32,7;14;11537,19922;0,0;100;100,0;100,0;18;100,0;1;1;100,0;17,0;17;98,89503;358;98,89503;181;179;100,0;177;177;55252,0;2;100,0;0;/0;0,545;174;5;0;0;0;0;0;0;0;0;0;0;240,53631
2025-06-05 14:00;2413;AND90R09;6906;CANX6906;17840;W6906B1;100.00%;0,0;100,0;98,36066;0,0;/0;/0;/0;271;0;0;0;0;0;201463,7373;1;0;0;0;315;38;-101,668;42,84;38;13803,33301;0,0;100;100,0;100,0;39;100,0;1;1;100,0;38,0;38;98,36066;511;98,36066;244;240;100,0;267;267;54498,0;2;100,0;0;/0;0,714;259;12;0;0;0;0;0;0;0;0;0;0;244,36162
2025-06-05 15:00;2413;AND90R09;6906;CANX6906;17840;W6906B1;100.00%;0,0;100,0;100,0;0,0;/0;100,0;/0;298;0;0;0;0;0;132931,53906;0;0;0;0;337;39;-103,6173;53,4;39;23078,60254;0,0;100;100,0;100,0;43;100,0;1;1;100,0;42,0;42;100,0;506;100,0;247;247;100,0;259;259;50114,0;3;100,0;0;/0;0,89;293;5;0;0;0;0;0;0;0;0;0;0;237,92617
2025-06-05 16:00;2413;AND90R09;6906;CANX6906;17840;W6906B1;100.00%;0,0;100,0;99,44751;0,0;/0;100,0;/0;225;0;0;0;0;0;16578,17969;1;0;0;0;238;24;-102,5968;40,2;24;2205,5293;0,0;100;100,0;100,0;29;100,0;2;2;100,0;27,0;27;99,44751;340;99,44751;181;180;100,0;159;159;47934,0;3;100,0;0;/0;0,67;204;21;0;0;0;0;0;0;0;0;0;0;255,84
2025-06-05 17:00;2413;AND90R09;6906;CANX6906;17840;W6906B1;100.00%;0,0;100,0;99,19355;0,0;/0;100,0;/0;200;0;0;0;0;0;21125,9209;1;0;0;0;216;24;-104,1213;71,52;24;3871,41797;0,0;100;100,0;100,0;28;100,0;1;1;100,0;27,0;27;99,19355;315;99,19355;124;123;100,0;191;191;41222,0;3;100,0;0;/0;1,192;187;13;0;0;0;0;0;0;0;0;0;0;249,21
2025-06-05 18:00;2413;AND90R09;6906;CANX6906;17840;W6906B1;100.00%;0,0;100,0;98,7234;0,0;/0;100,0;/0;171;0;0;0;0;0;18975,84082;1;0;0;0;277;27;-102,0213;36,84;27;3553,79492;0,0;100;100,0;100,0;29;100,0;3;3;100,0;26,0;26;98,7234;403;98,7234;235;232;100,0;168;168;40176,0;1;100,0;0;/0;0,614;169;2;0;0;0;0;0;0;0;0;0;0;236,73684
2025-06-05 19:00;2413;AND90R09;6906;CANX6906;17840;W6906B1;100.00%;0,0;/0;100,0;0,0;/0;100,0;/0;198;0;0;0;0;0;80314,88574;0;0;0;0;304;20;-103,7233;53,34;20;7870,64453;0,0;100;100,0;/0;21;/0;0;0;100,0;21,0;21;100,0;454;100,0;256;256;100,0;198;198;39616,0;1;100,0;0;/0;0,889;191;7;0;0;0;0;0;0;0;0;0;0;242,27273
2025-06-05 20:00;2413;AND90R09;6906;CANX6906;17840;W6906B1;100.00%;0,0;/0;99,67949;0,0;/0;100,0;/0;161;0;0;0;0;0;13103,35742;0;0;0;0;396;36;-103,5087;49,5;36;4849,95801;0,0;100;100,0;/0;34;/0;0;0;100,0;34,0;34;99,67949;541;99,67949;312;311;100,0;229;229;44118,0;0;/0;0;/0;0,825;159;2;0;0;0;0;0;0;0;0;0;0;236,90683
2025-06-05 21:00;2413;AND90R09;6906;CANX6906;17840;W6906B1;100.00%;0,0;/0;100,0;0,0;/0;100,0;/0;106;0;0;0;0;0;67053,14941;0;0;0;0;234;17;-105,244;42,42;17;5494,43945;0,0;100;100,0;/0;17;/0;0;0;100,0;17,0;17;100,0;370;100,0;178;178;100,0;192;192;35608,0;1;100,0;0;/0;0,707;105;1;0;0;0;0;0;0;0;0;0;0;236,20755
2025-06-05 22:00;2413;AND90R09;6906;CANX6906;17840;W6906B1;100.00%;0,0;/0;100,0;0,0;/0;100,0;/0;98;0;0;0;0;0;2190,98926;0;0;0;0;137;9;-105,127;13,86;9;385,76172;0,0;100;100,0;/0;10;/0;0;0;100,0;10,0;10;100,0;182;100,0;93;93;100,0;89;89;26892,0;1;100,0;0;/0;0,231;96;2;0;0;0;0;0;0;0;0;0;0;238,77551
2025-06-05 23:00;2413;AND90R09;6906;CANX6906;17840;W6906B1;100.00%;0,0;/0;100,0;0,0;/0;100,0;/0;82;0;0;0;0;0;1261,67383;0;0;0;0;158;8;-105,6733;1,8;8;454,95117;0,0;100;100,0;/0;10;/0;0;0;100,0;10,0;10;100,0;212;100,0;148;148;100,0;64;64;47280,0;2;100,0;0;/0;0,03;78;4;0;0;0;0;0;0;0;0;0;0;245,41463
2025-06-06 00:00;2413;AND90R09;6906;CANX6906;17840;W6906B1;100.00%;/0;/0;100,0;0,0;/0;/0;/0;40;0;0;0;0;0;198,9082;0;0;0;0;132;0;-105,3045;0,0;0;64,30078;/0;100;100,0;/0;0;/0;0;0;/0;0,0;0;100,0;166;100,0;132;132;100,0;34;34;35908,0;0;/0;0;/0;0,0;40;0;0;0;0;0;0;0;0;0;0;0;234,0
2025-06-06 01:00;2413;AND90R09;6906;CANX6906;17840;W6906B1;100.00%;/0;/0;100,0;0,0;/0;/0;/0;42;0;0;0;0;0;456,46094;0;0;0;0;162;0;-105,8;0,0;0;191,41016;/0;100;100,0;/0;0;/0;0;0;/0;0,0;0;100,0;198;100,0;160;160;100,0;38;38;28564,0;0;/0;0;/0;0,0;42;0;0;0;0;0;0;0;0;0;0;0;234,0
2025-06-06 02:00;2413;AND90R09;6906;CANX6906;17840;W6906B1;100.00%;/0;/0;100,0;0,0;/0;/0;/0;34;0;0;0;0;0;172,46289;0;0;0;0;134;0;-106,1775;0,0;0;55,28516;/0;100;100,0;/0;0;/0;0;0;/0;0,0;0;100,0;170;100,0;136;136;100,0;34;34;25688,0;0;/0;0;/0;0,0;34;0;0;0;0;0;0;0;0;0;0;0;234,0
2025-06-06 03:00;2413;AND90R09;6906;CANX6906;17840;W6906B1;100.00%;/0;/0;100,0;0,0;/0;/0;/0;28;0;0;0;0;0;236,00781;0;0;0;0;120;0;-106,4;0,0;0;70,47656;/0;100;100,0;/0;0;/0;0;0;/0;0,0;0;100,0;150;100,0;120;120;100,0;30;30;20844,0;0;/0;0;/0;0,0;28;0;0;0;0;0;0;0;0;0;0;0;234,0
2025-06-06 04:00;2413;AND90R09;6906;CANX6906;17840;W6906B1;100.00%;/0;/0;100,0;0,0;/0;/0;/0;50;0;0;0;0;0;287,44141;0;0;0;0;144;0;-106,4;0,0;0;90,55859;/0;100;100,0;/0;0;/0;0;0;/0;0,0;0;100,0;176;100,0;138;138;100,0;38;38;22008,0;0;/0;0;/0;0,0;48;2;0;0;0;0;0;0;0;0;0;0;243,36
2025-06-06 05:00;2413;AND90R09;6906;CANX6906;17840;W6906B1;100.00%;/0;/0;100,0;1,08696;/0;/0;/0;110;0;0;0;0;0;384,87695;0;0;2;0;184;0;-106,214;0,0;0;141,34961;/0;100;100,0;/0;0;/0;0;0;/0;0,0;0;100,0;254;100,0;184;184;100,0;70;70;15740,0;0;/0;0;/0;0,0;102;8;0;0;0;0;0;0;0;0;0;0;251,01818
2025-06-06 06:00;2413;AND90R09;6906;CANX6906;17840;W6906B1;100.00%;/0;/0;100,0;0,0;/0;/0;/0;198;0;0;0;0;0;3274,63477;0;0;0;0;308;0;-106,12;0,0;0;1937,97266;/0;100;100,0;/0;2;/0;0;0;100,0;2,0;2;100,0;476;100,0;314;314;100,0;162;162;16908,0;0;/0;0;/0;0,0;194;4;0;0;0;0;0;0;0;0;0;0;238,72727
2025-06-06 07:00;2413;AND90R09;6906;CANX6906;17840;W6906B1;100.00%;0,0;/0;100,0;0,0;/0;100,0;/0;212;0;0;0;0;0;5933,92969;0;0;0;0;220;10;-105,128;7,56;10;1541,51953;0,0;100;100,0;/0;8;/0;0;0;100,0;8,0;8;100,0;350;100,0;212;212;100,0;138;138;28312,0;0;/0;0;/0;0,126;184;28;0;0;0;0;0;0;0;0;0;0;264,90566
2025-06-06 08:00;2413;AND90R09;6906;CANX6906;17840;W6906B1;100.00%;0,0;100,0;98,98477;0,41322;/0;100,0;/0;480;0;0;0;0;0;121800,90625;0;0;2;0;484;38;-104,4178;27,96;38;29294,07227;0,0;100;100,0;100,0;44;100,0;2;2;100,0;42,0;42;98,98477;754;98,98477;394;390;100,0;360;360;52732,0;2;100,0;0;/0;0,466;438;42;0;0;0;0;0;0;0;0;0;0;254,475
2025-06-06 09:00;2413;AND90R09;6906;CANX6906;17840;W6906B1;100.00%;0,0;100,0;99,39759;0,3861;/0;100,0;/0;412;0;0;0;0;0;159539,83789;0;0;2;0;518;74;-103,8713;119,4;74;8752,37109;0,0;100;100,0;100,0;74;100,0;2;2;100,0;72,0;72;99,39759;758;99,39759;332;330;100,0;426;426;73108,0;4;100,0;0;/0;1,99;392;20;0;0;0;0;0;0;0;0;0;0;245,35922
2025-06-06 10:00;2413;AND90R09;6906;CANX6906;17840;W6906B1;100.00%;0,0;/0;100,0;0,0;/0;100,0;/0;350;0;0;0;0;0;275460,33594;0;0;0;0;560;76;-104,3707;141,96;76;10065,97266;0,0;100;100,0;/0;78;/0;0;0;100,0;78,0;78;100,0;760;100,0;302;302;100,0;458;458;89504,0;4;100,0;0;/0;2,366;346;4;0;0;0;0;0;0;0;0;0;0;236,67429
2025-06-06 11:00;2413;AND90R09;6906;CANX6906;17840;W6906B1;100.00%;0,0;100,0;99,18367;0,0;/0;100,0;/0;620;0;0;0;0;0;101192,55859;0;0;0;0;538;36;-104,3143;30,84;36;10778,29492;0,0;100;100,0;100,0;38;100,0;2;2;100,0;36,0;36;99,18367;918;99,18367;490;486;100,0;428;428;96396,0;2;100,0;0;/0;0,514;544;76;0;0;0;0;0;0;0;0;0;0;262,68387
2025-06-06 12:00;2413;AND90R09;6906;CANX6906;17840;W6906B1;100.00%;0,0;100,0;99,68153;0,0;/0;100,0;/0;390;0;0;0;0;0;617727,54492;0;0;0;0;712;26;-104,0078;44,76;26;64270,62891;0,0;100;100,0;100,0;28;100,0;2;2;100,0;26,0;26;99,68153;1052;99,68153;628;626;100,0;424;424;102256,0;0;/0;0;/0;0,746;324;66;0;0;0;0;0;0;0;0;0;0;273,6
2025-06-06 13:00;2413;AND90R09;6906;CANX6906;17840;W6906B1;100.00%;0,0;/0;99,57082;0,0;/0;100,0;/0;618;0;0;0;0;0;2849329,74219;0;0;0;0;626;68;-104,0785;207,0;68;25119,97266;0,0;100;100,0;/0;70;/0;0;0;100,0;70,0;70;99,57082;998;99,57082;466;464;100,0;532;532;103744,0;2;100,0;0;/0;3,45;532;86;0;0;0;0;0;0;0;0;0;0;266,56311
2025-06-06 14:00;2413;AND90R09;6906;CANX6906;17840;W6906B1;100.00%;0,0;100,0;99,28571;0,0;/0;100,0;/0;588;0;0;0;0;0;61563,91797;2;0;0;0;790;76;-103,5865;196,08;76;4234,34375;0,0;100;100,0;100,0;74;100,0;2;2;100,0;72,0;72;99,28571;1098;99,28571;560;556;100,0;538;538;100876,0;4;100,0;0;/0;3,268;546;42;0;0;0;0;0;0;0;0;0;0;250,71429
2025-06-06 15:00;2413;AND90R09;6906;CANX6906;17840;W6906B1;100.00%;0,0;100,0;99,69325;0,23866;/0;100,0;/0;532;0;0;0;0;0;827522,18359;0;0;2;0;838;64;-102,6905;116,04;64;60115,08594;0,0;100;100,0;100,0;66;100,0;2;2;100,0;64,0;64;99,69325;1308;99,69325;652;650;100,0;656;656;88248,0;4;100,0;0;/0;1,934;512;20;0;0;0;0;0;0;0;0;0;0;242,79699
2025-06-06 16:00;2413;AND90R09;6906;CANX6906;17840;W6906B1;100.00%;0,0;100,0;99,44444;0,80645;/0;100,0;/0;554;0;0;0;0;0;1947319,61133;0;0;4;0;496;70;-104,1283;124,56;70;25948,2793;0,0;100;100,0;100,0;72;100,0;2;2;100,0;70,0;70;99,44444;830;99,44444;360;358;100,0;470;470;80332,0;2;100,0;0;/0;2,076;552;2;0;0;0;0;0;0;0;0;0;0;234,84477
2025-06-06 17:00;2413;AND90R09;6906;CANX6906;17840;W6906B1;100.00%;0,0;/0;99,33719;0,0;/0;100,0;/0;326;0;0;0;0;0;416891,85352;0;0;0;0;856;40;-103,0153;93,0;40;22453,56836;0,0;100;100,0;/0;48;/0;0;0;100,0;48,0;48;99,33719;1228;99,71347;698;696;99,62264;530;528;71972,0;2;100,0;0;/0;1,55;324;2;0;0;0;0;0;0;0;0;0;0;235,43558
2025-06-06 18:00;2413;AND90R09;6906;CANX6906;17840;W6906B1;100.00%;0,0;/0;100,0;0,0;/0;100,0;/0;234;0;0;0;0;0;20045,84375;0;0;0;0;310;50;-103,9463;126,48;50;7397,99805;0,0;100;100,0;/0;44;/0;0;0;100,0;44,0;44;100,0;442;100,0;194;194;100,0;248;248;74580,0;0;/0;0;/0;2,108;230;4;0;0;0;0;0;0;0;0;0;0;238,0
2025-06-06 19:00;2413;AND90R09;6906;CANX6906;17840;W6906B1;100.00%;0,0;/0;99,13043;0,0;/0;100,0;/0;362;0;0;0;0;0;30095,92969;0;0;0;0;330;32;-103,3008;69,36;32;10051,60938;0,0;100;100,0;/0;30;/0;0;0;100,0;30,0;30;99,13043;514;99,13043;230;228;100,0;284;284;75492,0;4;100,0;0;/0;1,156;346;16;0;0;0;0;0;0;0;0;0;0;244,34254
2025-06-06 20:00;2413;AND90R09;6906;CANX6906;17840;W6906B1;100.00%;0,0;/0;100,0;0,0;/0;100,0;/0;416;0;0;0;0;0;20138,54492;0;0;0;0;412;38;-101,2868;78,24;38;2738,64453;0,0;100;100,0;/0;34;/0;0;0;100,0;34,0;34;100,0;600;100,0;282;282;100,0;318;318;80744,0;0;/0;0;/0;1,304;402;14;0;0;0;0;0;0;0;0;0;0;241,875
2025-06-06 21:00;2413;AND90R09;6906;CANX6906;17840;W6906B1;100.00%;0,0;/0;100,0;0,0;/0;100,0;/0;274;0;0;0;0;0;35593,83008;0;0;0;0;292;34;-104,9613;29,64;34;1227,15234;0,0;100;100,0;/0;36;/0;0;0;100,0;36,0;36;100,0;400;100,0;254;254;100,0;146;146;74628,0;2;100,0;0;/0;0,494;262;12;0;0;0;0;0;0;0;0;0;0;244,24818
2025-06-06 22:00;2413;AND90R09;6906;CANX6906;17840;W6906B1;100.00%;0,0;/0;99,07407;0,0;/0;100,0;/0;170;0;0;0;0;0;137171,56055;0;0;0;0;246;4;-104,7783;6,0;4;4203,79492;0,0;100;100,0;/0;4;/0;0;0;100,0;4,0;4;99,07407;352;99,07407;216;214;100,0;136;136;62340,0;0;/0;0;/0;0,1;160;10;0;0;0;0;0;0;0;0;0;0;247,76471
2025-06-06 23:00;2413;AND90R09;6906;CANX6906;17840;W6906B1;100.00%;0,0;/0;99,0991;0,0;/0;/0;/0;186;0;0;0;0;0;6034,26953;0;0;0;0;246;18;-104,2475;13,32;18;1102,76758;0,0;100;100,0;/0;18;/0;0;0;100,0;18,0;18;99,0991;328;99,0991;222;220;100,0;106;106;50900,0;0;/0;0;/0;0,222;186;0;0;0;0;0;0;0;0;0;0;0;234,0
2025-06-07 00:00;2413;AND90R09;6906;CANX6906;17840;W6906B1;100.00%;0,0;/0;100,0;0,0;/0;/0;/0;48;0;0;0;0;0;408,16992;0;0;0;0;200;2;-105,9088;1,56;2;163,59766;0,0;100;100,0;/0;2;/0;0;0;100,0;2,0;2;100,0;248;100,0;198;198;100,0;50;50;36692,0;0;/0;0;/0;0,026;48;0;0;0;0;0;0;0;0;0;0;0;234,0
2025-06-07 01:00;2413;AND90R09;6906;CANX6906;17840;W6906B1;100.00%;/0;/0;100,0;0,0;/0;/0;/0;38;0;0;0;0;0;221,5;0;0;0;0;172;0;-106,0;0,0;0;70,50195;/0;100;100,0;/0;0;/0;0;0;/0;0,0;0;100,0;216;100,0;172;172;100,0;44;44;28040,0;0;/0;0;/0;0,0;38;0;0;0;0;0;0;0;0;0;0;0;234,0
2025-06-07 02:00;2413;AND90R09;6906;CANX6906;17840;W6906B1;100.00%;/0;/0;100,0;0,0;/0;/0;/0;38;0;0;0;0;0;187,99023;0;0;0;0;188;0;-106,0;0,0;0;60,93555;/0;100;100,0;/0;0;/0;0;0;/0;0,0;0;100,0;230;100,0;190;190;100,0;40;40;23756,0;0;/0;0;/0;0,0;38;0;0;0;0;0;0;0;0;0;0;0;234,0
2025-06-07 03:00;2413;AND90R09;6906;CANX6906;17840;W6906B1;100.00%;/0;/0;100,0;0,0;/0;/0;/0;40;0;0;0;0;0;230,82031;0;0;0;0;172;0;-106,0;0,0;0;85,10938;/0;100;100,0;/0;0;/0;0;0;/0;0,0;0;100,0;212;100,0;172;172;100,0;40;40;22188,0;0;/0;0;/0;0,0;40;0;0;0;0;0;0;0;0;0;0;0;234,0
2025-06-07 04:00;2413;AND90R09;6906;CANX6906;17840;W6906B1;100.00%;/0;/0;100,0;0,0;/0;/0;/0;40;0;0;0;0;0;254,10742;0;0;0;0;180;0;-106,0;0,0;0;83,29492;/0;100;100,0;/0;0;/0;0;0;/0;0,0;0;100,0;216;100,0;176;176;100,0;40;40;17860,0;0;/0;0;/0;0,0;40;0;0;0;0;0;0;0;0;0;0;0;234,0
2025-06-07 05:00;2413;AND90R09;6906;CANX6906;17840;W6906B1;100.00%;/0;/0;100,0;0,0;/0;/0;/0;60;0;0;0;0;0;447,91016;0;0;0;0;190;0;-106,0;0,0;0;193,45313;/0;100;100,0;/0;0;/0;0;0;/0;0,0;0;100,0;238;100,0;192;192;100,0;46;46;15544,0;0;/0;0;/0;0,0;58;2;0;0;0;0;0;0;0;0;0;0;241,8
2025-06-07 06:00;2413;AND90R09;6906;CANX6906;17840;W6906B1;100.00%;0,0;/0;100,0;0,0;/0;/0;/0;128;0;0;0;0;0;765,21875;0;0;0;0;248;2;-105,9095;1,56;2;340,13477;0,0;100;100,0;/0;2;/0;0;0;100,0;2,0;2;100,0;340;100,0;246;246;100,0;94;94;14460,0;0;/0;0;/0;0,026;128;0;0;0;0;0;0;0;0;0;0;0;234,0
2025-06-07 07:00;2413;AND90R09;6906;CANX6906;17840;W6906B1;100.00%;0,0;/0;98,9899;0,0;/0;/0;/0;216;0;0;0;0;0;1418,23438;0;0;0;0;210;10;-105,0633;1,8;10;947,72266;0,0;100;100,0;/0;12;/0;0;0;100,0;12,0;12;98,9899;318;98,9899;198;196;100,0;120;120;16936,0;0;/0;0;/0;0,03;214;2;0;0;0;0;0;0;0;0;0;0;236,16667
2025-06-07 08:00;2413;AND90R09;6906;CANX6906;17840;W6906B1;100.00%;0,0;/0;98,125;0,0;/0;100,0;/0;340;0;0;0;0;0;22959,87891;0;0;0;0;326;6;-104,822;10,32;6;3578,11328;0,0;100;100,0;/0;4;/0;0;0;100,0;4,0;4;98,125;490;98,125;320;314;100,0;170;170;23820,0;0;/0;0;/0;0,172;330;10;0;0;0;0;0;0;0;0;0;0;240,88235
2025-06-07 09:00;2413;AND90R09;6906;CANX6906;17840;W6906B1;100.00%;0,0;100,0;99,09297;0,0;/0;100,0;/0;590;0;0;0;0;0;377759,05469;0;0;0;0;938;24;-104,3593;63,72;24;14511,77344;0,0;100;100,0;100,0;26;100,0;4;4;100,0;22,0;22;99,09297;1314;99,09297;882;874;100,0;432;432;36288,0;0;/0;0;/0;1,062;576;14;0;0;0;0;0;0;0;0;0;0;239,55254
2025-06-07 10:00;2413;AND90R09;6906;CANX6906;17840;W6906B1;100.00%;0,0;100,0;100,0;0,0;/0;/0;/0;200;0;0;0;0;0;8522,12305;2;0;0;0;228;12;-104,2413;22,68;12;1331,46875;0,0;100;100,0;100,0;14;100,0;2;2;100,0;12,0;12;100,0;322;100,0;196;196;100,0;126;126;48768,0;0;/0;0;/0;0,378;190;10;0;0;0;0;0;0;0;0;0;0;245,7
2025-06-07 11:00;2413;AND90R09;6906;CANX6906;17840;W6906B1;100.00%;0,0;/0;100,0;0,0;/0;/0;/0;184;0;0;0;0;0;11546,82813;0;0;0;0;318;12;-104,7855;14,28;12;1859,73633;0,0;100;100,0;/0;12;/0;0;0;100,0;12,0;12;100,0;424;100,0;252;252;100,0;172;172;62736,0;2;100,0;0;/0;0,238;180;4;0;0;0;0;0;0;0;0;0;0;239,08696
2025-06-07 12:00;2413;AND90R09;6906;CANX6906;17840;W6906B1;100.00%;0,0;/0;100,0;0,0;/0;0,0;/0;196;0;0;0;0;0;3475,76172;0;0;0;0;232;6;-104,9323;11,52;6;544,81836;0,0;100;100,0;/0;8;/0;0;0;100,0;8,0;8;100,0;338;100,0;196;196;100,0;142;142;71648,0;0;/0;0;/0;0,192;188;8;0;0;0;0;0;0;0;0;0;0;243,55102
2025-06-07 13:00;2413;AND90R09;6906;CANX6906;17840;W6906B1;100.00%;0,0;/0;100,0;0,0;/0;/0;/0;318;0;0;0;0;0;7847,33398;0;0;0;0;300;24;-103,8328;42,96;24;2348,93164;0,0;100;100,0;/0;22;/0;0;0;100,0;22,0;22;100,0;452;100,0;252;252;100,0;200;200;72116,0;0;/0;0;/0;0,716;312;6;0;0;0;0;0;0;0;0;0;0;238,41509
2025-06-07 14:00;2413;AND90R09;6906;CANX6906;17840;W6906B1;100.00%;0,0;100,0;97,2973;0,0;/0;100,0;/0;628;0;0;0;0;0;1057593,75195;2;0;0;0;640;62;-103,4047;88,08;62;79854,4707;0,0;100;100,0;100,0;74;100,0;6;6;100,0;68,0;68;97,2973;1080;97,2973;444;432;100,0;636;636;81944,0;4;100,0;0;/0;1,468;614;14;0;0;0;0;0;0;0;0;0;0;239,21656
2025-06-07 15:00;2413;AND90R09;6906;CANX6906;17840;W6906B1;100.00%;0,0;/0;99,68454;0,0;/0;/0;/0;674;0;0;0;0;0;303326,54883;0;0;0;0;736;60;-103,455;117,12;60;36826,85938;0,0;100;100,0;/0;56;/0;0;0;100,0;56,0;56;99,68454;1182;100,0;548;548;99,68454;634;632;74912,0;0;/0;0;/0;1,952;668;6;0;0;0;0;0;0;0;0;0;0;236,08309
2025-06-07 16:00;2413;AND90R09;6906;CANX6906;17840;W6906B1;100.00%;0,0;/0;97,89717;0,60606;/0;100,0;/0;612;0;0;0;0;0;325570,60742;0;0;4;0;660;40;-103,3138;27,48;40;48032,96875;0,0;100;100,0;/0;46;/0;0;0;100,0;46,0;46;97,89717;1082;98,29352;586;576;99,59677;496;494;67320,0;2;100,0;0;/0;0,458;592;20;0;0;0;0;0;0;0;0;0;0;241,64706
2025-06-07 17:00;2413;AND90R09;6906;CANX6906;17840;W6906B1;100.00%;0,0;100,0;99,19679;0,0;/0;/0;/0;534;0;0;0;0;0;129727,11328;0;0;0;0;734;64;-103,517;129,12;64;4025,9082;0,0;100;100,0;100,0;64;100,0;2;2;100,0;62,0;62;99,19679;1002;99,19679;498;494;100,0;504;504;61872,0;0;/0;0;/0;2,152;516;18;0;0;0;0;0;0;0;0;0;0;241,88764
2025-06-07 18:00;2413;AND90R09;6906;CANX6906;17840;W6906B1;100.00%;0,0;/0;100,0;0,0;/0;100,0;/0;438;0;0;0;0;0;39169,54492;0;0;0;0;468;76;-102,7805;138,0;76;4211,13477;0,0;100;100,0;/0;74;/0;0;0;100,0;74,0;74;100,0;718;100,0;314;314;100,0;404;404;60120,0;0;/0;0;/0;2,3;420;18;0;0;0;0;0;0;0;0;0;0;243,61644
2025-06-07 19:00;2413;AND90R09;6906;CANX6906;17840;W6906B1;100.00%;0,0;/0;99,19028;0,0;/0;100,0;/0;500;0;0;0;0;0;126245,16406;0;0;0;0;614;60;-102,323;84,96;60;18848,1875;0,0;100;100,0;/0;60;/0;0;0;100,0;60,0;60;99,19028;910;99,19028;494;490;100,0;416;416;63576,0;0;/0;0;/0;1,416;482;18;0;0;0;0;0;0;0;0;0;0;242,424
2025-06-07 20:00;2413;AND90R09;6906;CANX6906;17840;W6906B1;100.00%;0,0;100,0;99,44904;0,23095;/0;100,0;/0;512;0;0;0;0;0;139398,59961;2;0;2;0;866;60;-103,1655;119,52;60;23038,47852;0,0;100;100,0;100,0;70;100,0;6;6;100,0;64,0;64;99,44904;1312;99,44904;726;722;100,0;586;586;65760,0;8;100,0;0;/0;1,992;492;20;0;0;0;0;0;0;0;0;0;0;243,14063
2025-06-07 21:00;2413;AND90R09;6906;CANX6906;17840;W6906B1;100.00%;0,0;/0;100,0;1,91571;/0;100,0;/0;346;0;0;0;0;0;191051,12891;0;0;10;0;522;38;-103,897;44,64;38;37077,91406;0,0;100;100,0;/0;40;/0;0;0;100,0;40,0;40;100,0;782;100,0;428;428;100,0;354;354;68040,0;2;100,0;0;/0;0,744;342;4;0;0;0;0;0;0;0;0;0;0;236,7052
2025-06-07 22:00;2413;AND90R09;6906;CANX6906;17840;W6906B1;100.00%;0,0;/0;99,25373;0,0;/0;/0;/0;202;0;0;0;0;0;46841,75195;0;0;0;0;296;14;-104,7093;8,28;14;5009,32031;0,0;100;100,0;/0;14;/0;0;0;100,0;14,0;14;99,25373;482;99,25373;268;266;100,0;214;214;53944,0;0;/0;0;/0;0,138;200;2;0;0;0;0;0;0;0;0;0;0;236,31683
2025-06-07 23:00;2413;AND90R09;6906;CANX6906;17840;W6906B1;100.00%;0,0;/0;100,0;0,0;/0;/0;/0;112;0;0;0;0;0;503,38867;0;0;0;0;208;6;-105,1915;3,24;6;314,42188;0,0;100;100,0;/0;6;/0;0;0;100,0;6,0;6;100,0;304;100,0;206;206;100,0;98;98;39368,0;0;/0;0;/0;0,054;112;0;0;0;0;0;0;0;0;0;0;0;234,0
2025-06-08 00:00;2413;AND90R09;6906;CANX6906;17840;W6906B1;100.00%;0,0;/0;100,0;0,0;/0;/0;/0;98;0;0;0;0;0;5611,34961;0;0;0;0;174;2;-105,787;0,96;2;87,26172;0,0;100;100,0;/0;2;/0;0;0;100,0;2,0;2;100,0;268;100,0;178;178;100,0;90;90;33968,0;0;/0;0;/0;0,016;98;0;0;0;0;0;0;0;0;0;0;0;234,0
2025-06-08 01:00;2413;AND90R09;6906;CANX6906;17840;W6906B1;100.00%;/0;/0;100,0;0,0;/0;/0;/0;74;0;0;0;0;0;194,58203;0;0;0;0;158;0;-105,8;0,0;0;71,51758;/0;100;100,0;/0;0;/0;0;0;/0;0,0;0;100,0;234;100,0;158;158;100,0;76;76;28768,0;0;/0;0;/0;0,0;74;0;0;0;0;0;0;0;0;0;0;0;234,0
2025-06-08 02:00;2413;AND90R09;6906;CANX6906;17840;W6906B1;100.00%;/0;/0;100,0;0,0;/0;/0;/0;76;0;0;0;0;0;185,13867;0;0;0;0;174;0;-105,8;0,0;0;71,19336;/0;100;100,0;/0;0;/0;0;0;/0;0,0;0;100,0;254;100,0;174;174;100,0;80;80;27708,0;0;/0;0;/0;0,0;76;0;0;0;0;0;0;0;0;0;0;0;234,0
2025-06-08 03:00;2413;AND90R09;6906;CANX6906;17840;W6906B1;100.00%;/0;/0;100,0;0,0;/0;/0;/0;82;0;0;0;0;0;338,44141;0;0;0;0;192;0;-105,8;0,0;0;265,58789;/0;100;100,0;/0;0;/0;0;0;/0;0,0;0;100,0;286;100,0;186;186;100,0;100;100;27836,0;0;/0;0;/0;0,0;82;0;0;0;0;0;0;0;0;0;0;0;234,0
2025-06-08 04:00;2413;AND90R09;6906;CANX6906;17840;W6906B1;100.00%;/0;/0;100,0;0,0;/0;/0;/0;90;0;0;0;0;0;276,15234;0;0;0;0;180;0;-105,8;0,0;0;112,59961;/0;100;100,0;/0;0;/0;0;0;/0;0,0;0;100,0;266;100,0;172;172;100,0;94;94;23788,0;0;/0;0;/0;0,0;90;0;0;0;0;0;0;0;0;0;0;0;234,0
2025-06-08 05:00;2413;AND90R09;6906;CANX6906;17840;W6906B1;100.00%;/0;/0;100,0;0,0;/0;/0;/0;116;0;0;0;0;0;1240,07227;0;0;0;0;184;0;-105,8;0,0;0;878,25195;/0;100;100,0;/0;0;/0;0;0;/0;0,0;0;100,0;282;100,0;188;188;100,0;94;94;20140,0;0;/0;0;/0;0,0;110;6;0;0;0;0;0;0;0;0;0;0;246,10345
2025-06-08 06:00;2413;AND90R09;6906;CANX6906;17840;W6906B1;100.00%;/0;/0;100,0;0,0;/0;100,0;/0;294;0;0;0;0;0;1103,25781;0;0;0;0;286;0;-105,6435;0,0;0;1254,16992;/0;100;100,0;/0;0;/0;0;0;/0;0,0;0;100,0;452;100,0;288;288;100,0;164;164;15492,0;0;/0;0;/0;0,0;286;8;0;0;0;0;0;0;0;0;0;0;240,36735
2025-06-08 07:00;2413;AND90R09;6906;CANX6906;17840;W6906B1;100.00%;0,0;/0;100,0;0,0;/0;/0;/0;282;0;0;0;0;0;2101,5918;0;0;0;0;284;2;-105,0388;2,64;2;1352,0332;0,0;100;100,0;/0;2;/0;0;0;100,0;2,0;2;100,0;448;100,0;286;286;100,0;162;162;16040,0;0;/0;0;/0;0,044;276;6;0;0;0;0;0;0;0;0;0;0;238,97872
2025-06-08 08:00;2413;AND90R09;6906;CANX6906;17840;W6906B1;100.00%;0,0;/0;100,0;0,0;/0;/0;/0;554;0;0;0;0;0;36926,94922;0;0;0;0;626;12;-104,4008;19,56;12;12253,69336;0,0;100;100,0;/0;12;/0;0;0;100,0;12,0;12;100,0;964;100,0;526;526;100,0;438;438;23140,0;0;/0;0;/0;0,326;538;16;0;0;0;0;0;0;0;0;0;0;240,75812
2025-06-08 09:00;2413;AND90R09;6906;CANX6906;17840;W6906B1;100.00%;0,0;100,0;99,4429;0,0;/0;100,0;/0;882;0;0;0;0;0;196696,3457;0;0;0;0;800;28;-101,4828;30,36;28;106837,40625;0,0;100;100,0;100,0;30;100,0;2;2;100,0;28,0;28;99,4429;1320;99,4429;718;714;100,0;602;602;30080,0;0;/0;0;/0;0,506;880;2;0;0;0;0;0;0;0;0;0;0;234,53061
2025-06-08 10:00;2413;AND90R09;6906;CANX6906;17840;W6906B1;100.00%;0,0;/0;99,54853;0,34904;/0;100,0;/0;1778;0;0;0;0;0;302018,25391;0;0;4;0;1146;94;-103,1435;165,24;94;23943,32031;0,0;100;100,0;/0;98;/0;0;0;100,0;98,0;98;99,54853;1724;99,54853;886;882;100,0;838;838;36360,0;2;100,0;0;/0;2,754;1754;24;0;0;0;0;0;0;0;0;0;0;237,15861
2025-06-08 11:00;2413;AND90R09;6906;CANX6906;17840;W6906B1;100.00%;0,0;/0;98,82353;0,0;/0;100,0;/0;942;0;0;0;0;0;175501,81055;0;0;0;0;692;90;-103,4865;125,52;90;23451,32422;0,0;100;100,0;/0;90;/0;0;0;100,0;90,0;90;98,82353;1094;98,82353;510;504;100,0;584;584;46772,0;2;100,0;0;/0;2,092;926;16;0;0;0;0;0;0;0;0;0;0;237,97452
2025-06-08 12:00;2413;AND90R09;6906;CANX6906;17840;W6906B1;100.00%;0,0;100,0;99,1453;0,0;/0;0,0;/0;652;0;0;0;0;0;278904,76758;6;0;0;0;606;62;-103,4678;124,56;62;11265,72852;0,0;100;100,0;100,0;74;100,0;10;10;100,0;64,0;64;99,1453;964;99,1453;468;464;100,0;496;496;52072,0;4;50,0;0;/0;2,076;632;20;0;0;0;0;0;0;0;0;0;0;241,17791
2025-06-08 13:00;2413;AND90R09;6906;CANX6906;17840;W6906B1;100.00%;0,0;100,0;99,52153;0,0;/0;100,0;/0;418;0;0;0;0;0;35407,77539;0;0;0;0;496;32;-103,534;119,76;32;8953,23438;0,0;100;100,0;100,0;32;100,0;2;2;100,0;30,0;30;99,52153;798;99,52153;418;416;100,0;380;380;56164,0;2;100,0;0;/0;1,996;398;20;0;0;0;0;0;0;0;0;0;0;245,19617
2025-06-08 14:00;2413;AND90R09;6906;CANX6906;17840;W6906B1;100.00%;0,0;/0;99,71014;0,0;/0;100,0;/0;668;0;0;0;0;0;379213,92773;0;0;0;0;792;26;-103,098;70,08;26;44426,87891;0,0;100;100,0;/0;28;/0;0;0;100,0;28,0;28;99,71014;1296;99,71014;690;688;100,0;606;606;54456,0;0;/0;0;/0;1,168;646;22;0;0;0;0;0;0;0;0;0;0;241,70659
2025-06-08 15:00;2413;AND90R09;6906;CANX6906;17840;W6906B1;100.00%;0,0;/0;99,04306;0,0;/0;100,0;/0;558;0;0;0;0;0;110889,86328;0;0;0;0;508;26;-103,1573;36,48;26;17657,7168;0,0;100;100,0;/0;24;/0;0;0;100,0;24,0;24;99,04306;838;99,04306;418;414;100,0;420;420;55576,0;2;100,0;0;/0;0,608;538;20;0;0;0;0;0;0;0;0;0;0;242,3871
2025-06-08 16:00;2413;AND90R09;6906;CANX6906;17840;W6906B1;100.00%;0,0;100,0;100,0;0,0;/0;100,0;/0;476;0;0;0;0;0;36514,02734;0;0;0;0;420;28;-103,3893;35,16;28;3217,47461;0,0;100;100,0;100,0;34;100,0;2;2;100,0;32,0;32;100,0;696;100,0;356;356;100,0;340;340;51248,0;4;100,0;0;/0;0,586;462;14;0;0;0;0;0;0;0;0;0;0;240,88235
2025-06-08 17:00;2413;AND90R09;6906;CANX6906;17840;W6906B1;100.00%;0,0;/0;99,08636;0,78125;/0;100,0;/0;564;0;0;0;0;0;570573,22461;0;0;4;0;512;48;-103,5265;40,2;48;31404,14844;0,0;100;100,0;/0;48;/0;0;0;100,0;48,0;48;99,08636;878;99,5098;408;406;99,57447;470;468;46172,0;0;/0;0;/0;0,67;554;10;0;0;0;0;0;0;0;0;0;0;238,14894
2025-06-08 18:00;2413;AND90R09;6906;CANX6906;17840;W6906B1;100.00%;0,0;/0;100,0;0,0;/0;100,0;/0;456;0;0;0;0;0;291655,2793;0;0;0;0;390;36;-102,5418;60,6;36;31642,58789;0,0;100;100,0;/0;38;/0;0;0;100,0;38,0;38;100,0;656;100,0;298;298;100,0;358;358;52384,0;0;/0;0;/0;1,01;448;8;0;0;0;0;0;0;0;0;0;0;238,10526
2025-06-08 19:00;2413;AND90R09;6906;CANX6906;17840;W6906B1;100.00%;0,0;100,0;97,51773;0,0;/0;100,0;/0;594;0;0;0;0;0;378975,55664;2;0;0;0;638;42;-103,3763;51,84;42;48112,3125;0,0;100;100,0;100,0;46;100,0;2;2;100,0;44,0;44;97,51773;1166;97,51773;564;550;100,0;602;602;59724,0;6;100,0;0;/0;0,864;564;30;0;0;0;0;0;0;0;0;0;0;245,81818
2025-06-08 20:00;2413;AND90R09;6906;CANX6906;17840;W6906B1;100.00%;0,0;100,0;93,6255;0,0;/0;100,0;/0;368;0;0;0;0;0;302880,01172;2;0;0;0;586;26;-103,2838;61,08;26;44050,60156;0,0;100;100,0;100,0;32;100,0;2;2;100,0;30,0;30;93,6255;1042;93,6255;502;470;100,0;540;540;56908,0;8;100,0;0;/0;1,018;350;18;0;0;0;0;0;0;0;0;0;0;245,44565
2025-06-08 21:00;2413;AND90R09;6906;CANX6906;17840;W6906B1;100.00%;0,0;/0;97,17742;0,0;/0;100,0;/0;268;0;0;0;0;0;181933,83203;0;0;0;0;548;28;-104,5023;37,92;28;23148,31836;0,0;100;100,0;/0;32;/0;0;0;100,0;32,0;32;97,17742;880;97,17742;496;482;100,0;384;384;50364,0;4;100,0;0;/0;0,632;258;10;0;0;0;0;0;0;0;0;0;0;242,73134
2025-06-08 22:00;2413;AND90R09;6906;CANX6906;17840;W6906B1;100.00%;0,0;/0;100,0;0,0;/0;/0;/0;160;0;0;0;0;0;7268,52344;0;0;0;0;140;14;-104,887;8,16;14;2785,86719;0,0;100;100,0;/0;12;/0;0;0;100,0;12,0;12;100,0;226;100,0;110;110;100,0;116;116;44408,0;0;/0;0;/0;0,136;160;0;0;0;0;0;0;0;0;0;0;0;234,0
2025-06-08 23:00;2413;AND90R09;6906;CANX6906;17840;W6906B1;100.00%;0,0;/0;100,0;0,0;/0;100,0;/0;82;0;0;0;0;0;16353,17383;0;0;0;0;80;14;-104,9935;12,48;14;4507,92188;0,0;100;100,0;/0;14;/0;0;0;100,0;14,0;14;100,0;140;100,0;46;46;100,0;94;94;36536,0;0;/0;0;/0;0,208;82;0;0;0;0;0;0;0;0;0;0;0;234,0
